Datetime,Hour,Weekday,WeekOfMonth,Is_Business_Hours,Active_Users,CPU_Usage (%),Memory_Usage (%),Has_Event,Event_Payroll,Event_Tax,Event_EoM,Event_Risk_Score,Event_Day_Proximity_Hours,Saturation_Max,Active_Users_Lag1,CPU_Usage (%)_Lag1,Memory_Usage (%)_Lag1,Active_Users_Trend1,CPU_Usage (%)_Trend1,Memory_Usage (%)_Trend1,Active_Users_MA3,CPU_Usage (%)_MA3,Memory_Usage (%)_MA3,Scaling_Action,Scaling_Next_1h
13-06-2025 00:00,0,4,2,0,89,38.66,23.41,0,0,0,0,0,58,38.66,66,18.88,22.39,23,19.78,1.02,75,28.74,25.80333333,0,0
13-06-2025 01:00,1,4,2,0,79,38.39,22.01,0,0,0,0,0,57,38.39,89,38.66,23.41,-10,-0.27,-1.4,78,31.97666667,22.60333333,0,0
13-06-2025 02:00,2,4,2,0,61,20.8,19.82,0,0,0,0,0,56,20.8,79,38.39,22.01,-18,-17.59,-2.19,76.33333333,32.61666667,21.74666667,0,0
13-06-2025 03:00,3,4,2,0,83,40.8,37.72,0,0,0,0,0,55,40.8,61,20.8,19.82,22,20,17.9,74.33333333,33.33,26.51666667,0,0
13-06-2025 04:00,4,4,2,0,82,9.37,26,0,0,0,0,0,54,26,83,40.8,37.72,-1,-31.43,-11.72,75.33333333,23.65666667,27.84666667,0,0
13-06-2025 05:00,5,4,2,0,82,16.88,20.9,0,0,0,0,0,53,20.9,82,9.37,26,0,7.51,-5.1,82.33333333,22.35,28.20666667,0,0
13-06-2025 06:00,6,4,2,0,89,34.26,49.18,0,0,0,0,0,52,49.18,82,16.88,20.9,7,17.38,28.28,84.33333333,20.17,32.02666667,0,0
13-06-2025 07:00,7,4,2,0,73,40.45,28.25,0,0,0,0,0,51,40.45,89,34.26,49.18,-16,6.19,-20.93,81.33333333,30.53,32.77666667,0,0
13-06-2025 08:00,8,4,2,0,67,28.43,21.68,0,0,0,0,0,50,28.43,73,40.45,28.25,-6,-12.02,-6.57,76.33333333,34.38,33.03666667,0,0
13-06-2025 09:00,9,4,2,1,66,26.68,22.82,0,0,0,0,0,49,26.68,67,28.43,21.68,-1,-1.75,1.14,68.66666667,31.85333333,24.25,0,0
13-06-2025 10:00,10,4,2,1,67,32.04,24.32,0,0,0,0,0,48,32.04,66,26.68,22.82,1,5.36,1.5,66.66666667,29.05,22.94,0,0
13-06-2025 11:00,11,4,2,1,99,42.65,37.06,0,0,0,0,0,49,42.65,67,32.04,24.32,32,10.61,12.74,77.33333333,33.79,28.06666667,0,0
13-06-2025 12:00,12,4,2,1,73,12.86,21.03,0,0,0,0,0,48,21.03,99,42.65,37.06,-26,-29.79,-16.03,79.66666667,29.18333333,27.47,0,0
13-06-2025 13:00,13,4,2,1,84,18.49,29.72,0,0,0,0,0,49,29.72,73,12.86,21.03,11,5.63,8.69,85.33333333,24.66666667,29.27,0,0
13-06-2025 14:00,14,4,2,1,59,34.52,6.6,0,0,0,0,0,48,34.52,84,18.49,29.72,-25,16.03,-23.12,72,21.95666667,19.11666667,0,0
13-06-2025 15:00,15,4,2,1,67,37.15,17.5,0,0,0,0,0,49,37.15,59,34.52,6.6,8,2.63,10.9,70,30.05333333,17.94,0,0
13-06-2025 16:00,16,4,2,1,88,24.5,21.93,0,0,0,0,0,48,24.5,67,37.15,17.5,21,-12.65,4.43,71.33333333,32.05666667,15.34333333,0,0
13-06-2025 17:00,17,4,2,1,84,34.69,23.21,0,0,0,0,0,49,34.69,88,24.5,21.93,-4,10.19,1.28,79.66666667,32.11333333,20.88,0,0
13-06-2025 18:00,18,4,2,1,86,22.25,32.79,0,0,0,0,0,48,32.79,84,34.69,23.21,2,-12.44,9.58,86,27.14666667,25.97666667,0,0
13-06-2025 19:00,19,4,2,1,73,25.59,15.75,0,0,0,0,0,48,25.59,86,22.25,32.79,-13,3.34,-17.04,81,27.51,23.91666667,0,0
13-06-2025 20:00,20,4,2,0,104,39.83,45.59,0,0,0,0,0,49,45.59,73,25.59,15.75,31,14.24,29.84,87.66666667,29.22333333,31.37666667,0,0
13-06-2025 21:00,21,4,2,0,85,34.32,31.07,0,0,0,0,0,50,34.32,104,39.83,45.59,-19,-5.51,-14.52,87.33333333,33.24666667,30.80333333,0,0
13-06-2025 22:00,22,4,2,0,80,22.02,27.9,0,0,0,0,0,51,27.9,85,34.32,31.07,-5,-12.3,-3.17,89.66666667,32.05666667,34.85333333,0,0
13-06-2025 23:00,23,4,2,0,82,35.55,22.22,0,0,0,0,0,52,35.55,80,22.02,27.9,2,13.53,-5.68,82.33333333,30.63,27.06333333,0,0
14-06-2025 00:00,0,5,2,0,65,24.62,16.05,0,0,0,0,0,34,24.62,82,35.55,22.22,-17,-10.93,-6.17,75.66666667,27.39666667,22.05666667,0,0
14-06-2025 01:00,1,5,2,0,80,26.03,32.48,0,0,0,0,0,33,32.48,65,24.62,16.05,15,1.41,16.43,75.66666667,28.73333333,23.58333333,0,0
14-06-2025 02:00,2,5,2,0,86,45.67,32.09,0,0,0,0,0,32,45.67,80,26.03,32.48,6,19.64,-0.39,77,32.10666667,26.87333333,0,0
14-06-2025 03:00,3,5,2,0,84,36.58,19.32,0,0,0,0,0,31,36.58,86,45.67,32.09,-2,-9.09,-12.77,83.33333333,36.09333333,27.96333333,0,0
14-06-2025 04:00,4,5,2,0,83,49.76,23.83,0,0,0,0,0,30,49.76,84,36.58,19.32,-1,13.18,4.51,84.33333333,44.00333333,25.08,0,0
14-06-2025 05:00,5,5,2,0,85,31.8,33.74,0,0,0,0,0,29,33.74,83,49.76,23.83,2,-17.96,9.91,84,39.38,25.63,0,0
14-06-2025 06:00,6,5,2,0,79,60.41,36.26,0,0,0,0,0,28,60.41,85,31.8,33.74,-6,28.61,2.52,82.33333333,47.32333333,31.27666667,0,0
14-06-2025 07:00,7,5,2,0,81,26.79,21.47,0,0,0,0,0,27,26.79,79,60.41,36.26,2,-33.62,-14.79,81.66666667,39.66666667,30.49,0,0
14-06-2025 08:00,8,5,2,0,87,55.97,27.88,0,0,0,0,0,26,55.97,81,26.79,21.47,6,29.18,6.41,82.33333333,47.72333333,28.53666667,0,0
14-06-2025 09:00,9,5,2,1,89,28.31,33.45,0,0,0,0,0,25,33.45,87,55.97,27.88,2,-27.66,5.57,85.66666667,37.02333333,27.6,0,0
14-06-2025 10:00,10,5,2,1,92,44.64,33.75,0,0,0,0,0,24,44.64,89,28.31,33.45,3,16.33,0.3,89.33333333,42.97333333,31.69333333,0,0
14-06-2025 11:00,11,5,2,1,77,48.03,30.61,0,0,0,0,0,25,48.03,92,44.64,33.75,-15,3.39,-3.14,86,40.32666667,32.60333333,0,0
14-06-2025 12:00,12,5,2,1,74,41.75,13.59,0,0,0,0,0,24,41.75,77,48.03,30.61,-3,-6.28,-17.02,81,44.80666667,25.98333333,0,0
14-06-2025 13:00,13,5,2,1,83,44.09,22.39,0,0,0,0,0,25,44.09,74,41.75,13.59,9,2.34,8.8,78,44.62333333,22.19666667,0,0
14-06-2025 14:00,14,5,2,1,75,36.87,38.85,0,0,0,0,0,24,38.85,83,44.09,22.39,-8,-7.22,16.46,77.33333333,40.90333333,24.94333333,0,0
14-06-2025 15:00,15,5,2,1,71,21.57,29.57,0,0,0,0,0,25,29.57,75,36.87,38.85,-4,-15.3,-9.28,76.33333333,34.17666667,30.27,0,0
14-06-2025 16:00,16,5,2,1,71,18.1,26.43,0,0,0,0,0,24,26.43,71,21.57,29.57,0,-3.47,-3.14,72.33333333,25.51333333,31.61666667,0,0
14-06-2025 17:00,17,5,2,1,82,37.44,42.69,0,0,0,0,0,25,42.69,71,18.1,26.43,11,19.34,16.26,74.66666667,25.70333333,32.89666667,0,0
14-06-2025 18:00,18,5,2,1,95,41.25,24.41,0,0,0,0,0,24,41.25,82,37.44,42.69,13,3.81,-18.28,82.66666667,32.26333333,31.17666667,0,0
14-06-2025 19:00,19,5,2,1,84,26.28,22.67,0,0,0,0,0,24,26.28,95,41.25,24.41,-11,-14.97,-1.74,87,34.99,29.92333333,0,0
14-06-2025 20:00,20,5,2,0,82,23.66,39.94,0,0,0,0,0,25,39.94,84,26.28,22.67,-2,-2.62,17.27,87,30.39666667,29.00666667,0,0
14-06-2025 21:00,21,5,2,0,55,6.43,37.17,0,0,0,0,0,26,37.17,82,23.66,39.94,-27,-17.23,-2.77,73.66666667,18.79,33.26,0,0
14-06-2025 22:00,22,5,2,0,82,39.54,19,0,0,0,0,0,27,39.54,55,6.43,37.17,27,33.11,-18.17,73,23.21,32.03666667,0,0
14-06-2025 23:00,23,5,2,0,64,18.28,24.25,0,0,0,0,0,28,24.25,82,39.54,19,-18,-21.26,5.25,67,21.41666667,26.80666667,0,0
15-06-2025 00:00,0,6,3,0,77,40.43,21.82,0,0,0,0,0,10,40.43,64,18.28,24.25,13,22.15,-2.43,74.33333333,32.75,21.69,0,0
15-06-2025 01:00,1,6,3,0,83,50.2,15.57,0,0,0,0,0,9,50.2,77,40.43,21.82,6,9.77,-6.25,74.66666667,36.30333333,20.54666667,0,0
15-06-2025 02:00,2,6,3,0,59,30.12,13.54,0,0,0,0,0,8,30.12,83,50.2,15.57,-24,-20.08,-2.03,73,40.25,16.97666667,0,0
15-06-2025 03:00,3,6,3,0,87,27.13,29.71,0,0,0,0,0,7,29.71,59,30.12,13.54,28,-2.99,16.17,76.33333333,35.81666667,19.60666667,0,0
15-06-2025 04:00,4,6,3,0,70,17.76,31.78,0,0,0,0,0,6,31.78,87,27.13,29.71,-17,-9.37,2.07,72,25.00333333,25.01,0,0
15-06-2025 05:00,5,6,3,0,83,29.41,32.53,0,0,0,0,0,5,32.53,70,17.76,31.78,13,11.65,0.75,80,24.76666667,31.34,0,0
15-06-2025 06:00,6,6,3,0,71,23.43,15.41,0,0,0,0,0,4,23.43,83,29.41,32.53,-12,-5.98,-17.12,74.66666667,23.53333333,26.57333333,0,0
15-06-2025 07:00,7,6,3,0,81,35.79,22.58,0,0,0,0,0,3,35.79,71,23.43,15.41,10,12.36,7.17,78.33333333,29.54333333,23.50666667,0,0
15-06-2025 08:00,8,6,3,0,77,31.1,37.84,0,0,0,0,0,2,37.84,81,35.79,22.58,-4,-4.69,15.26,76.33333333,30.10666667,25.27666667,0,0
15-06-2025 09:00,9,6,3,1,79,38.58,37.57,0,0,0,0,0,1,38.58,77,31.1,37.84,2,7.48,-0.27,79,35.15666667,32.66333333,0,1
15-06-2025 10:00,10,6,3,1,260,100,88.42,1,1,0,0,0.9,0,100,79,38.58,37.57,181,61.42,50.85,138.6666667,56.56,54.61,1,1
15-06-2025 11:00,11,6,3,1,271,100,100,1,1,0,0,0.9,1,100,260,100,88.42,11,0,11.58,203.3333333,79.52666667,75.33,1,1
15-06-2025 12:00,12,6,3,1,243,99.99,100,1,1,0,0,0.9,0,100,271,100,100,-28,-0.01,0,258,99.99666667,96.14,1,0
15-06-2025 13:00,13,6,3,1,76,25.89,25.54,0,0,0,0,0,1,25.89,243,99.99,100,-167,-74.1,-74.46,196.6666667,75.29333333,75.18,0,1
15-06-2025 14:00,14,6,3,1,187,85.67,66.84,1,0,0,1,0.7,0,85.67,76,25.89,25.54,111,59.78,41.3,168.6666667,70.51666667,64.12666667,1,0
15-06-2025 15:00,15,6,3,1,210,73.72,69.88,1,0,0,1,0.7,1,73.72,187,85.67,66.84,23,-11.95,3.04,157.6666667,61.76,54.08666667,0,1
15-06-2025 16:00,16,6,3,1,227,90.67,83.81,1,0,0,1,0.7,0,90.67,210,73.72,69.88,17,16.95,13.93,208,83.35333333,73.51,1,0
15-06-2025 17:00,17,6,3,1,74,21.73,17.21,0,0,0,0,0,1,21.73,227,90.67,83.81,-153,-68.94,-66.6,170.3333333,62.04,56.96666667,0,0
15-06-2025 18:00,18,6,3,1,197,81.82,63.07,1,0,1,0,0.8,0,81.82,74,21.73,17.21,123,60.09,45.86,166,64.74,54.69666667,0,1
15-06-2025 19:00,19,6,3,1,261,100,91.52,1,0,1,0,0.8,0,100,197,81.82,63.07,64,18.18,28.45,177.3333333,67.85,57.26666667,1,0
15-06-2025 20:00,20,6,3,0,80,47.44,26.79,0,0,0,0,0,1,47.44,261,100,91.52,-181,-52.56,-64.73,179.3333333,76.42,60.46,0,0
15-06-2025 21:00,21,6,3,0,94,55.67,29.91,0,0,0,0,0,2,55.67,80,47.44,26.79,14,8.23,3.12,145,67.70333333,49.40666667,0,0
15-06-2025 22:00,22,6,3,0,97,50,46.76,0,0,0,0,0,3,50,94,55.67,29.91,3,-5.67,16.85,90.33333333,51.03666667,34.48666667,0,0
15-06-2025 23:00,23,6,3,0,101,39.53,49.32,0,0,0,0,0,4,49.32,97,50,46.76,4,-10.47,2.56,97.33333333,48.4,41.99666667,0,0
16-06-2025 00:00,0,0,3,0,80,42.75,29.76,0,0,0,0,0,106,42.75,101,39.53,49.32,-21,3.22,-19.56,92.66666667,44.09333333,41.94666667,0,0
16-06-2025 01:00,1,0,3,0,81,31.12,34.74,0,0,0,0,0,105,34.74,80,42.75,29.76,1,-11.63,4.98,87.33333333,37.8,37.94,0,0
16-06-2025 02:00,2,0,3,0,75,27.09,21.6,0,0,0,0,0,104,27.09,81,31.12,34.74,-6,-4.03,-13.14,78.66666667,33.65333333,28.7,0,0
16-06-2025 03:00,3,0,3,0,82,35.74,15.09,0,0,0,0,0,103,35.74,75,27.09,21.6,7,8.65,-6.51,79.33333333,31.31666667,23.81,0,0
16-06-2025 04:00,4,0,3,0,89,48.08,32.95,0,0,0,0,0,102,48.08,82,35.74,15.09,7,12.34,17.86,82,36.97,23.21333333,0,0
16-06-2025 05:00,5,0,3,0,79,42.6,23.53,0,0,0,0,0,101,42.6,89,48.08,32.95,-10,-5.48,-9.42,83.33333333,42.14,23.85666667,0,0
16-06-2025 06:00,6,0,3,0,68,29.77,24.63,0,0,0,0,0,100,29.77,79,42.6,23.53,-11,-12.83,1.1,78.66666667,40.15,27.03666667,0,0
16-06-2025 07:00,7,0,3,0,74,46.58,24.97,0,0,0,0,0,99,46.58,68,29.77,24.63,6,16.81,0.34,73.66666667,39.65,24.37666667,0,0
16-06-2025 08:00,8,0,3,0,86,24.43,33.58,0,0,0,0,0,98,33.58,74,46.58,24.97,12,-22.15,8.61,76,33.59333333,27.72666667,0,0
16-06-2025 09:00,9,0,3,1,70,35.09,17.45,0,0,0,0,0,97,35.09,86,24.43,33.58,-16,10.66,-16.13,76.66666667,35.36666667,25.33333333,0,0
16-06-2025 10:00,10,0,3,1,69,32.45,29.6,0,0,0,0,0,96,32.45,70,35.09,17.45,-1,-2.64,12.15,75,30.65666667,26.87666667,0,0
16-06-2025 11:00,11,0,3,1,68,29.91,31.11,0,0,0,0,0,97,31.11,69,32.45,29.6,-1,-2.54,1.51,69,32.48333333,26.05333333,0,0
16-06-2025 12:00,12,0,3,1,84,17.33,30.94,0,0,0,0,0,96,30.94,68,29.91,31.11,16,-12.58,-0.17,73.66666667,26.56333333,30.55,0,0
16-06-2025 13:00,13,0,3,1,86,32.37,18.56,0,0,0,0,0,97,32.37,84,17.33,30.94,2,15.04,-12.38,79.33333333,26.53666667,26.87,0,0
16-06-2025 14:00,14,0,3,1,85,38.11,22.68,0,0,0,0,0,96,38.11,86,32.37,18.56,-1,5.74,4.12,85,29.27,24.06,0,0
16-06-2025 15:00,15,0,3,1,73,23.41,30.88,0,0,0,0,0,97,30.88,85,38.11,22.68,-12,-14.7,8.2,81.33333333,31.29666667,24.04,0,0
16-06-2025 16:00,16,0,3,1,78,38.06,19.84,0,0,0,0,0,96,38.06,73,23.41,30.88,5,14.65,-11.04,78.66666667,33.19333333,24.46666667,0,0
16-06-2025 17:00,17,0,3,1,70,37.87,17.95,0,0,0,0,0,97,37.87,78,38.06,19.84,-8,-0.19,-1.89,73.66666667,33.11333333,22.89,0,0
16-06-2025 18:00,18,0,3,1,80,37.16,39.17,0,0,0,0,0,96,39.17,70,37.87,17.95,10,-0.71,21.22,76,37.69666667,25.65333333,0,0
16-06-2025 19:00,19,0,3,1,70,23.22,10.99,0,0,0,0,0,96,23.22,80,37.16,39.17,-10,-13.94,-28.18,73.33333333,32.75,22.70333333,0,0
16-06-2025 20:00,20,0,3,0,85,17.52,33.86,0,0,0,0,0,97,33.86,70,23.22,10.99,15,-5.7,22.87,78.33333333,25.96666667,28.00666667,0,0
16-06-2025 21:00,21,0,3,0,83,24.4,32.22,0,0,0,0,0,98,32.22,85,17.52,33.86,-2,6.88,-1.64,79.33333333,21.71333333,25.69,0,0
16-06-2025 22:00,22,0,3,0,80,21.82,38.04,0,0,0,0,0,99,38.04,83,24.4,32.22,-3,-2.58,5.82,82.66666667,21.24666667,34.70666667,0,0
16-06-2025 23:00,23,0,3,0,77,23.98,20.66,0,0,0,0,0,100,23.98,80,21.82,38.04,-3,2.16,-17.38,80,23.4,30.30666667,0,0
17-06-2025 00:00,0,1,3,0,66,40.26,34.73,0,0,0,0,0,82,40.26,77,23.98,20.66,-11,16.28,14.07,74.33333333,28.68666667,31.14333333,0,0
17-06-2025 01:00,1,1,3,0,97,41.42,22,0,0,0,0,0,81,41.42,66,40.26,34.73,31,1.16,-12.73,80,35.22,25.79666667,0,0
17-06-2025 02:00,2,1,3,0,81,37.76,17.25,0,0,0,0,0,80,37.76,97,41.42,22,-16,-3.66,-4.75,81.33333333,39.81333333,24.66,0,0
17-06-2025 03:00,3,1,3,0,76,36.34,31.73,0,0,0,0,0,79,36.34,81,37.76,17.25,-5,-1.42,14.48,84.66666667,38.50666667,23.66,0,0
17-06-2025 04:00,4,1,3,0,83,27.16,35.56,0,0,0,0,0,78,35.56,76,36.34,31.73,7,-9.18,3.83,80,33.75333333,28.18,0,0
17-06-2025 05:00,5,1,3,0,79,35.89,31.92,0,0,0,0,0,77,35.89,83,27.16,35.56,-4,8.73,-3.64,79.33333333,33.13,33.07,0,0
17-06-2025 06:00,6,1,3,0,58,17.75,19.95,0,0,0,0,0,76,19.95,79,35.89,31.92,-21,-18.14,-11.97,73.33333333,26.93333333,29.14333333,0,0
17-06-2025 07:00,7,1,3,0,75,17.93,12.26,0,0,0,0,0,75,17.93,58,17.75,19.95,17,0.18,-7.69,70.66666667,23.85666667,21.37666667,0,0
17-06-2025 08:00,8,1,3,0,83,43.61,24.16,0,0,0,0,0,74,43.61,75,17.93,12.26,8,25.68,11.9,72,26.43,18.79,0,0
17-06-2025 09:00,9,1,3,1,86,36.51,32.54,0,0,0,0,0,73,36.51,83,43.61,24.16,3,-7.1,8.38,81.33333333,32.68333333,22.98666667,0,0
17-06-2025 10:00,10,1,3,1,84,33.37,37.36,0,0,0,0,0,72,37.36,86,36.51,32.54,-2,-3.14,4.82,84.33333333,37.83,31.35333333,0,0
17-06-2025 11:00,11,1,3,1,93,10.14,35.57,0,0,0,0,0,73,35.57,84,33.37,37.36,9,-23.23,-1.79,87.66666667,26.67333333,35.15666667,0,0
17-06-2025 12:00,12,1,3,1,81,39.62,18.84,0,0,0,0,0,72,39.62,93,10.14,35.57,-12,29.48,-16.73,86,27.71,30.59,0,0
17-06-2025 13:00,13,1,3,1,83,37.69,31.73,0,0,0,0,0,73,37.69,81,39.62,18.84,2,-1.93,12.89,85.66666667,29.15,28.71333333,0,0
17-06-2025 14:00,14,1,3,1,69,24.22,32.74,0,0,0,0,0,72,32.74,83,37.69,31.73,-14,-13.47,1.01,77.66666667,33.84333333,27.77,0,0
17-06-2025 15:00,15,1,3,1,87,40.27,29.22,0,0,0,0,0,73,40.27,69,24.22,32.74,18,16.05,-3.52,79.66666667,34.06,31.23,0,0
17-06-2025 16:00,16,1,3,1,87,26.77,29.16,0,0,0,0,0,72,29.16,87,40.27,29.22,0,-13.5,-0.06,81,30.42,30.37333333,0,0
17-06-2025 17:00,17,1,3,1,90,45.18,24.29,0,0,0,0,0,73,45.18,87,26.77,29.16,3,18.41,-4.87,88,37.40666667,27.55666667,0,0
17-06-2025 18:00,18,1,3,1,72,30.24,22.48,0,0,0,0,0,72,30.24,90,45.18,24.29,-18,-14.94,-1.81,83,34.06333333,25.31,0,0
17-06-2025 19:00,19,1,3,1,89,26.34,25.74,0,0,0,0,0,72,26.34,72,30.24,22.48,17,-3.9,3.26,83.66666667,33.92,24.17,0,0
17-06-2025 20:00,20,1,3,0,86,24.71,22.02,0,0,0,0,0,73,24.71,89,26.34,25.74,-3,-1.63,-3.72,82.33333333,27.09666667,23.41333333,0,0
17-06-2025 21:00,21,1,3,0,87,25.65,39.34,0,0,0,0,0,74,39.34,86,24.71,22.02,1,0.94,17.32,87.33333333,25.56666667,29.03333333,0,0
17-06-2025 22:00,22,1,3,0,80,40.46,28.26,0,0,0,0,0,75,40.46,87,25.65,39.34,-7,14.81,-11.08,84.33333333,30.27333333,29.87333333,0,0
17-06-2025 23:00,23,1,3,0,79,24.42,29.71,0,0,0,0,0,76,29.71,80,40.46,28.26,-1,-16.04,1.45,82,30.17666667,32.43666667,0,0
18-06-2025 00:00,0,2,3,0,85,26.26,25.88,0,0,0,0,0,58,26.26,79,24.42,29.71,6,1.84,-3.83,81.33333333,30.38,27.95,0,0
18-06-2025 01:00,1,2,3,0,71,14.67,18.11,0,0,0,0,0,57,18.11,85,26.26,25.88,-14,-11.59,-7.77,78.33333333,21.78333333,24.56666667,0,0
18-06-2025 02:00,2,2,3,0,83,31.23,38.54,0,0,0,0,0,56,38.54,71,14.67,18.11,12,16.56,20.43,79.66666667,24.05333333,27.51,0,0
18-06-2025 03:00,3,2,3,0,67,28.74,18.57,0,0,0,0,0,55,28.74,83,31.23,38.54,-16,-2.49,-19.97,73.66666667,24.88,25.07333333,0,0
18-06-2025 04:00,4,2,3,0,58,19.46,13.53,0,0,0,0,0,54,19.46,67,28.74,18.57,-9,-9.28,-5.04,69.33333333,26.47666667,23.54666667,0,0
18-06-2025 05:00,5,2,3,0,72,25.73,32.21,0,0,0,0,0,53,32.21,58,19.46,13.53,14,6.27,18.68,65.66666667,24.64333333,21.43666667,0,0
18-06-2025 06:00,6,2,3,0,78,41.82,14.9,0,0,0,0,0,52,41.82,72,25.73,32.21,6,16.09,-17.31,69.33333333,29.00333333,20.21333333,0,0
18-06-2025 07:00,7,2,3,0,99,36.93,23.24,0,0,0,0,0,51,36.93,78,41.82,14.9,21,-4.89,8.34,83,34.82666667,23.45,0,0
18-06-2025 08:00,8,2,3,0,84,30.43,25.49,0,0,0,0,0,50,30.43,99,36.93,23.24,-15,-6.5,2.25,87,36.39333333,21.21,0,0
18-06-2025 09:00,9,2,3,1,74,38.53,26.45,0,0,0,0,0,49,38.53,84,30.43,25.49,-10,8.1,0.96,85.66666667,35.29666667,25.06,0,0
18-06-2025 10:00,10,2,3,1,80,16.43,26.83,0,0,0,0,0,48,26.83,74,38.53,26.45,6,-22.1,0.38,79.33333333,28.46333333,26.25666667,0,0
18-06-2025 11:00,11,2,3,1,82,42.4,18.86,0,0,0,0,0,49,42.4,80,16.43,26.83,2,25.97,-7.97,78.66666667,32.45333333,24.04666667,0,0
18-06-2025 12:00,12,2,3,1,77,33.5,38.49,0,0,0,0,0,48,38.49,82,42.4,18.86,-5,-8.9,19.63,79.66666667,30.77666667,28.06,0,0
18-06-2025 13:00,13,2,3,1,77,22.49,28.62,0,0,0,0,0,49,28.62,77,33.5,38.49,0,-11.01,-9.87,78.66666667,32.79666667,28.65666667,0,0
18-06-2025 14:00,14,2,3,1,103,47.83,36.13,0,0,0,0,0,48,47.83,77,22.49,28.62,26,25.34,7.51,85.66666667,34.60666667,34.41333333,0,0
18-06-2025 15:00,15,2,3,1,83,45.46,25.92,0,0,0,0,0,49,45.46,103,47.83,36.13,-20,-2.37,-10.21,87.66666667,38.59333333,30.22333333,0,0
18-06-2025 16:00,16,2,3,1,86,46.53,34.19,0,0,0,0,0,48,46.53,83,45.46,25.92,3,1.07,8.27,90.66666667,46.60666667,32.08,0,0
18-06-2025 17:00,17,2,3,1,97,65.15,47.82,0,0,0,0,0,49,65.15,86,46.53,34.19,11,18.62,13.63,88.66666667,52.38,35.97666667,0,0
18-06-2025 18:00,18,2,3,1,89,39.83,50.03,0,0,0,0,0,48,50.03,97,65.15,47.82,-8,-25.32,2.21,90.66666667,50.50333333,44.01333333,0,0
18-06-2025 19:00,19,2,3,1,90,29.97,27.49,0,0,0,0,0,48,29.97,89,39.83,50.03,1,-9.86,-22.54,92,44.98333333,41.78,0,0
18-06-2025 20:00,20,2,3,0,71,24.25,25.06,0,0,0,0,0,49,25.06,90,29.97,27.49,-19,-5.72,-2.43,83.33333333,31.35,34.19333333,0,0
18-06-2025 21:00,21,2,3,0,84,43.76,33.96,0,0,0,0,0,50,43.76,71,24.25,25.06,13,19.51,8.9,81.66666667,32.66,28.83666667,0,0
18-06-2025 22:00,22,2,3,0,77,42.38,17.12,0,0,0,0,0,51,42.38,84,43.76,33.96,-7,-1.38,-16.84,77.33333333,36.79666667,25.38,0,0
18-06-2025 23:00,23,2,3,0,86,19.68,35.94,0,0,0,0,0,52,35.94,77,42.38,17.12,9,-22.7,18.82,82.33333333,35.27333333,29.00666667,0,0
19-06-2025 00:00,0,3,3,0,92,29.62,26.88,0,0,0,0,0,34,29.62,86,19.68,35.94,6,9.94,-9.06,85,30.56,26.64666667,0,0
19-06-2025 01:00,1,3,3,0,71,34.68,33.64,0,0,0,0,0,33,34.68,92,29.62,26.88,-21,5.06,6.76,83,27.99333333,32.15333333,0,0
19-06-2025 02:00,2,3,3,0,80,33.61,25.97,0,0,0,0,0,32,33.61,71,34.68,33.64,9,-1.07,-7.67,81,32.63666667,28.83,0,0
19-06-2025 03:00,3,3,3,0,66,30.52,24.26,0,0,0,0,0,31,30.52,80,33.61,25.97,-14,-3.09,-1.71,72.33333333,32.93666667,27.95666667,0,0
19-06-2025 04:00,4,3,3,0,88,26.18,34.06,0,0,0,0,0,30,34.06,66,30.52,24.26,22,-4.34,9.8,78,30.10333333,28.09666667,0,0
19-06-2025 05:00,5,3,3,0,84,43.31,28.71,0,0,0,0,0,29,43.31,88,26.18,34.06,-4,17.13,-5.35,79.33333333,33.33666667,29.01,0,0
19-06-2025 06:00,6,3,3,0,82,31.5,26.88,0,0,0,0,0,28,31.5,84,43.31,28.71,-2,-11.81,-1.83,84.66666667,33.66333333,29.88333333,0,0
19-06-2025 07:00,7,3,3,0,77,43.6,34.47,0,0,0,0,0,27,43.6,82,31.5,26.88,-5,12.1,7.59,81,39.47,30.02,0,0
19-06-2025 08:00,8,3,3,0,88,34.91,40.85,0,0,0,0,0,26,40.85,77,43.6,34.47,11,-8.69,6.38,82.33333333,36.67,34.06666667,0,0
19-06-2025 09:00,9,3,3,1,80,26.55,32.49,0,0,0,0,0,25,32.49,88,34.91,40.85,-8,-8.36,-8.36,81.66666667,35.02,35.93666667,0,0
19-06-2025 10:00,10,3,3,1,77,43.46,44.79,0,0,0,0,0,24,44.79,80,26.55,32.49,-3,16.91,12.3,81.66666667,34.97333333,39.37666667,0,0
19-06-2025 11:00,11,3,3,1,79,24.5,23.86,0,0,0,0,0,25,24.5,77,43.46,44.79,2,-18.96,-20.93,78.66666667,31.50333333,33.71333333,0,0
19-06-2025 12:00,12,3,3,1,77,29.73,27.04,0,0,0,0,0,24,29.73,79,24.5,23.86,-2,5.23,3.18,77.66666667,32.56333333,31.89666667,0,0
19-06-2025 13:00,13,3,3,1,84,35.06,35.35,0,0,0,0,0,25,35.35,77,29.73,27.04,7,5.33,8.31,80,29.76333333,28.75,0,0
19-06-2025 14:00,14,3,3,1,69,35.66,25.03,0,0,0,0,0,24,35.66,84,35.06,35.35,-15,0.6,-10.32,76.66666667,33.48333333,29.14,0,0
19-06-2025 15:00,15,3,3,1,57,32.63,2.77,0,0,0,0,0,25,32.63,69,35.66,25.03,-12,-3.03,-22.26,70,34.45,21.05,0,0
19-06-2025 16:00,16,3,3,1,82,40.48,36.02,0,0,0,0,0,24,40.48,57,32.63,2.77,25,7.85,33.25,69.33333333,36.25666667,21.27333333,0,0
19-06-2025 17:00,17,3,3,1,80,26.63,25.99,0,0,0,0,0,25,26.63,82,40.48,36.02,-2,-13.85,-10.03,73,33.24666667,21.59333333,0,0
19-06-2025 18:00,18,3,3,1,84,34.45,21.75,0,0,0,0,0,24,34.45,80,26.63,25.99,4,7.82,-4.24,82,33.85333333,27.92,0,0
19-06-2025 19:00,19,3,3,1,107,39.28,36.64,0,0,0,0,0,24,39.28,84,34.45,21.75,23,4.83,14.89,90.33333333,33.45333333,28.12666667,0,0
19-06-2025 20:00,20,3,3,0,66,35.94,23.38,0,0,0,0,0,25,35.94,107,39.28,36.64,-41,-3.34,-13.26,85.66666667,36.55666667,27.25666667,0,0
19-06-2025 21:00,21,3,3,0,78,41.01,33.39,0,0,0,0,0,26,41.01,66,35.94,23.38,12,5.07,10.01,83.66666667,38.74333333,31.13666667,0,0
19-06-2025 22:00,22,3,3,0,82,27.08,18.98,0,0,0,0,0,27,27.08,78,41.01,33.39,4,-13.93,-14.41,75.33333333,34.67666667,25.25,0,0
19-06-2025 23:00,23,3,3,0,85,24.09,30.99,0,0,0,0,0,28,30.99,82,27.08,18.98,3,-2.99,12.01,81.66666667,30.72666667,27.78666667,0,0
20-06-2025 00:00,0,4,3,0,80,8.42,31.81,0,0,0,0,0,10,31.81,85,24.09,30.99,-5,-15.67,0.82,82.33333333,19.86333333,27.26,0,0
20-06-2025 01:00,1,4,3,0,67,23.21,27.59,0,0,0,0,0,9,27.59,80,8.42,31.81,-13,14.79,-4.22,77.33333333,18.57333333,30.13,0,0
20-06-2025 02:00,2,4,3,0,69,21.98,26.88,0,0,0,0,0,8,26.88,67,23.21,27.59,2,-1.23,-0.71,72,17.87,28.76,0,0
20-06-2025 03:00,3,4,3,0,70,14.13,22.85,0,0,0,0,0,7,22.85,69,21.98,26.88,1,-7.85,-4.03,68.66666667,19.77333333,25.77333333,0,0
20-06-2025 04:00,4,4,3,0,92,41.19,39.34,0,0,0,0,0,6,41.19,70,14.13,22.85,22,27.06,16.49,77,25.76666667,29.69,0,0
20-06-2025 05:00,5,4,3,0,83,38.31,24.55,0,0,0,0,0,5,38.31,92,41.19,39.34,-9,-2.88,-14.79,81.66666667,31.21,28.91333333,0,0
20-06-2025 06:00,6,4,3,0,89,46.44,34.53,0,0,0,0,0,4,46.44,83,38.31,24.55,6,8.13,9.98,88,41.98,32.80666667,0,0
20-06-2025 07:00,7,4,3,0,78,43.87,20.67,0,0,0,0,0,3,43.87,89,46.44,34.53,-11,-2.57,-13.86,83.33333333,42.87333333,26.58333333,0,0
20-06-2025 08:00,8,4,3,0,77,34.98,32.54,0,0,0,0,0,2,34.98,78,43.87,20.67,-1,-8.89,11.87,81.33333333,41.76333333,29.24666667,0,0
20-06-2025 09:00,9,4,3,1,77,21.22,30.13,0,0,0,0,0,1,30.13,77,34.98,32.54,0,-13.76,-2.41,77.33333333,33.35666667,27.78,0,1
20-06-2025 10:00,10,4,3,1,226,87.97,84.24,1,1,0,0,0.9,0,87.97,77,21.22,30.13,149,66.75,54.11,126.6666667,48.05666667,48.97,1,1
20-06-2025 11:00,11,4,3,1,226,100,78.31,1,1,0,0,0.9,1,100,226,87.97,84.24,0,12.03,-5.93,176.3333333,69.73,64.22666667,1,1
20-06-2025 12:00,12,4,3,1,259,90.08,99.91,1,1,0,0,0.9,0,99.91,226,100,78.31,33,-9.92,21.6,237,92.68333333,87.48666667,1,0
20-06-2025 13:00,13,4,3,1,86,36.3,31.28,0,0,0,0,0,1,36.3,259,90.08,99.91,-173,-53.78,-68.63,190.3333333,75.46,69.83333333,0,1
20-06-2025 14:00,14,4,3,1,205,86.49,66.89,1,0,0,1,0.7,0,86.49,86,36.3,31.28,119,50.19,35.61,183.3333333,70.95666667,66.02666667,1,1
20-06-2025 15:00,15,4,3,1,238,99.55,75.15,1,0,0,1,0.7,1,99.55,205,86.49,66.89,33,13.06,8.26,176.3333333,74.11333333,57.77333333,1,0
20-06-2025 16:00,16,4,3,1,224,82.02,69.07,1,0,0,1,0.7,0,82.02,238,99.55,75.15,-14,-17.53,-6.08,222.3333333,89.35333333,70.37,0,0
20-06-2025 17:00,17,4,3,1,98,43.01,35.27,0,0,0,0,0,1,43.01,224,82.02,69.07,-126,-39.01,-33.8,186.6666667,74.86,59.83,0,1
20-06-2025 18:00,18,4,3,1,196,94.88,63.6,1,0,1,0,0.8,0,94.88,98,43.01,35.27,98,51.87,28.33,172.6666667,73.30333333,55.98,1,1
20-06-2025 19:00,19,4,3,1,246,96.07,83.39,1,0,1,0,0.8,0,96.07,196,94.88,63.6,50,1.19,19.79,180,77.98666667,60.75333333,1,0
20-06-2025 20:00,20,4,3,0,73,23.62,32.84,0,0,0,0,0,1,32.84,246,96.07,83.39,-173,-72.45,-50.55,171.6666667,71.52333333,59.94333333,0,0
20-06-2025 21:00,21,4,3,0,82,37.72,19.99,0,0,0,0,0,2,37.72,73,23.62,32.84,9,14.1,-12.85,133.6666667,52.47,45.40666667,0,0
20-06-2025 22:00,22,4,3,0,63,29.37,21.18,0,0,0,0,0,3,29.37,82,37.72,19.99,-19,-8.35,1.19,72.66666667,30.23666667,24.67,0,0
20-06-2025 23:00,23,4,3,0,78,13.29,31.93,0,0,0,0,0,4,31.93,63,29.37,21.18,15,-16.08,10.75,74.33333333,26.79333333,24.36666667,0,0
21-06-2025 00:00,0,5,3,0,88,42.08,33.68,0,0,0,0,0,106,42.08,78,13.29,31.93,10,28.79,1.75,76.33333333,28.24666667,28.93,0,0
21-06-2025 01:00,1,5,3,0,75,31.72,20.29,0,0,0,0,0,105,31.72,88,42.08,33.68,-13,-10.36,-13.39,80.33333333,29.03,28.63333333,0,0
21-06-2025 02:00,2,5,3,0,72,40.12,18.37,0,0,0,0,0,104,40.12,75,31.72,20.29,-3,8.4,-1.92,78.33333333,37.97333333,24.11333333,0,0
21-06-2025 03:00,3,5,3,0,91,27.68,28.26,0,0,0,0,0,103,28.26,72,40.12,18.37,19,-12.44,9.89,79.33333333,33.17333333,22.30666667,0,0
21-06-2025 04:00,4,5,3,0,84,24.9,23.46,0,0,0,0,0,102,24.9,91,27.68,28.26,-7,-2.78,-4.8,82.33333333,30.9,23.36333333,0,0
21-06-2025 05:00,5,5,3,0,79,28.63,28.26,0,0,0,0,0,101,28.63,84,24.9,23.46,-5,3.73,4.8,84.66666667,27.07,26.66,0,0
21-06-2025 06:00,6,5,3,0,79,46.09,35.97,0,0,0,0,0,100,46.09,79,28.63,28.26,0,17.46,7.71,80.66666667,33.20666667,29.23,0,0
21-06-2025 07:00,7,5,3,0,87,26.16,35.31,0,0,0,0,0,99,35.31,79,46.09,35.97,8,-19.93,-0.66,81.66666667,33.62666667,33.18,0,0
21-06-2025 08:00,8,5,3,0,86,28.69,15,0,0,0,0,0,98,28.69,87,26.16,35.31,-1,2.53,-20.31,84,33.64666667,28.76,0,0
21-06-2025 09:00,9,5,3,1,64,22.83,14.15,0,0,0,0,0,97,22.83,86,28.69,15,-22,-5.86,-0.85,79,25.89333333,21.48666667,0,0
21-06-2025 10:00,10,5,3,1,89,39.83,25.99,0,0,0,0,0,96,39.83,64,22.83,14.15,25,17,11.84,79.66666667,30.45,18.38,0,0
21-06-2025 11:00,11,5,3,1,73,21.3,28.92,0,0,0,0,0,97,28.92,89,39.83,25.99,-16,-18.53,2.93,75.33333333,27.98666667,23.02,0,0
21-06-2025 12:00,12,5,3,1,75,46.18,25.02,0,0,0,0,0,96,46.18,73,21.3,28.92,2,24.88,-3.9,79,35.77,26.64333333,0,0
21-06-2025 13:00,13,5,3,1,71,36.73,25.4,0,0,0,0,0,97,36.73,75,46.18,25.02,-4,-9.45,0.38,73,34.73666667,26.44666667,0,0
21-06-2025 14:00,14,5,3,1,75,23.9,26.49,0,0,0,0,0,96,26.49,71,36.73,25.4,4,-12.83,1.09,73.66666667,35.60333333,25.63666667,0,0
21-06-2025 15:00,15,5,3,1,81,20.21,26.97,0,0,0,0,0,97,26.97,75,23.9,26.49,6,-3.69,0.48,75.66666667,26.94666667,26.28666667,0,0
21-06-2025 16:00,16,5,3,1,79,27.44,26.13,0,0,0,0,0,96,27.44,81,20.21,26.97,-2,7.23,-0.84,78.33333333,23.85,26.53,0,0
21-06-2025 17:00,17,5,3,1,103,34.94,37.88,0,0,0,0,0,97,37.88,79,27.44,26.13,24,7.5,11.75,87.66666667,27.53,30.32666667,0,0
21-06-2025 18:00,18,5,3,1,86,26.6,33.47,0,0,0,0,0,96,33.47,103,34.94,37.88,-17,-8.34,-4.41,89.33333333,29.66,32.49333333,0,0
21-06-2025 19:00,19,5,3,1,92,26.14,30.23,0,0,0,0,0,96,30.23,86,26.6,33.47,6,-0.46,-3.24,93.66666667,29.22666667,33.86,0,0
21-06-2025 20:00,20,5,3,0,74,28.03,21.11,0,0,0,0,0,97,28.03,92,26.14,30.23,-18,1.89,-9.12,84,26.92333333,28.27,0,0
21-06-2025 21:00,21,5,3,0,58,33.78,22.38,0,0,0,0,0,98,33.78,74,28.03,21.11,-16,5.75,1.27,74.66666667,29.31666667,24.57333333,0,0
21-06-2025 22:00,22,5,3,0,68,16.19,17.13,0,0,0,0,0,99,17.13,58,33.78,22.38,10,-17.59,-5.25,66.66666667,26,20.20666667,0,0
21-06-2025 23:00,23,5,3,0,82,45.9,36.16,0,0,0,0,0,100,45.9,68,16.19,17.13,14,29.71,19.03,69.33333333,31.95666667,25.22333333,0,0
22-06-2025 00:00,0,6,4,0,85,32.01,23.79,0,0,0,0,0,82,32.01,82,45.9,36.16,3,-13.89,-12.37,78.33333333,31.36666667,25.69333333,0,0
22-06-2025 01:00,1,6,4,0,88,44.33,27.35,0,0,0,0,0,81,44.33,85,32.01,23.79,3,12.32,3.56,85,40.74666667,29.1,0,0
22-06-2025 02:00,2,6,4,0,73,29.11,16.81,0,0,0,0,0,80,29.11,88,44.33,27.35,-15,-15.22,-10.54,82,35.15,22.65,0,0
22-06-2025 03:00,3,6,4,0,84,25.57,21.91,0,0,0,0,0,79,25.57,73,29.11,16.81,11,-3.54,5.1,81.66666667,33.00333333,22.02333333,0,0
22-06-2025 04:00,4,6,4,0,63,19.15,21.48,0,0,0,0,0,78,21.48,84,25.57,21.91,-21,-6.42,-0.43,73.33333333,24.61,20.06666667,0,0
22-06-2025 05:00,5,6,4,0,75,37.17,3.66,0,0,0,0,0,77,37.17,63,19.15,21.48,12,18.02,-17.82,74,27.29666667,15.68333333,0,0
22-06-2025 06:00,6,6,4,0,73,29.37,8.78,0,0,0,0,0,76,29.37,75,37.17,3.66,-2,-7.8,5.12,70.33333333,28.56333333,11.30666667,0,0
22-06-2025 07:00,7,6,4,0,76,30.29,35.83,0,0,0,0,0,75,35.83,73,29.37,8.78,3,0.92,27.05,74.66666667,32.27666667,16.09,0,0
22-06-2025 08:00,8,6,4,0,82,26.52,26.89,0,0,0,0,0,74,26.89,76,30.29,35.83,6,-3.77,-8.94,77,28.72666667,23.83333333,0,0
22-06-2025 09:00,9,6,4,1,62,10.72,9.58,0,0,0,0,0,73,10.72,82,26.52,26.89,-20,-15.8,-17.31,73.33333333,22.51,24.1,0,0
22-06-2025 10:00,10,6,4,1,82,33,33.93,0,0,0,0,0,72,33.93,62,10.72,9.58,20,22.28,24.35,75.33333333,23.41333333,23.46666667,0,0
22-06-2025 11:00,11,6,4,1,92,34.78,22.8,0,0,0,0,0,73,34.78,82,33,33.93,10,1.78,-11.13,78.66666667,26.16666667,22.10333333,0,0
22-06-2025 12:00,12,6,4,1,80,45.79,27.16,0,0,0,0,0,72,45.79,92,34.78,22.8,-12,11.01,4.36,84.66666667,37.85666667,27.96333333,0,0
22-06-2025 13:00,13,6,4,1,87,52.71,24.3,0,0,0,0,0,73,52.71,80,45.79,27.16,7,6.92,-2.86,86.33333333,44.42666667,24.75333333,0,0
22-06-2025 14:00,14,6,4,1,85,26.85,24.74,0,0,0,0,0,72,26.85,87,52.71,24.3,-2,-25.86,0.44,84,41.78333333,25.4,0,0
22-06-2025 15:00,15,6,4,1,81,26.16,26.66,0,0,0,0,0,73,26.66,85,26.85,24.74,-4,-0.69,1.92,84.33333333,35.24,25.23333333,0,0
22-06-2025 16:00,16,6,4,1,77,32.44,29.34,0,0,0,0,0,72,32.44,81,26.16,26.66,-4,6.28,2.68,81,28.48333333,26.91333333,0,0
22-06-2025 17:00,17,6,4,1,93,40.99,36.96,0,0,0,0,0,73,40.99,77,32.44,29.34,16,8.55,7.62,83.66666667,33.19666667,30.98666667,0,0
22-06-2025 18:00,18,6,4,1,56,29.88,8.51,0,0,0,0,0,72,29.88,93,40.99,36.96,-37,-11.11,-28.45,75.33333333,34.43666667,24.93666667,0,0
22-06-2025 19:00,19,6,4,1,101,41.61,43.24,0,0,0,0,0,72,43.24,56,29.88,8.51,45,11.73,34.73,83.33333333,37.49333333,29.57,0,0
22-06-2025 20:00,20,6,4,0,88,56.86,40.5,0,0,0,0,0,73,56.86,101,41.61,43.24,-13,15.25,-2.74,81.66666667,42.78333333,30.75,0,0
22-06-2025 21:00,21,6,4,0,80,27.99,24.59,0,0,0,0,0,74,27.99,88,56.86,40.5,-8,-28.87,-15.91,89.66666667,42.15333333,36.11,0,0
22-06-2025 22:00,22,6,4,0,92,46.86,27.49,0,0,0,0,0,75,46.86,80,27.99,24.59,12,18.87,2.9,86.66666667,43.90333333,30.86,0,0
22-06-2025 23:00,23,6,4,0,75,40.89,27,0,0,0,0,0,76,40.89,92,46.86,27.49,-17,-5.97,-0.49,82.33333333,38.58,26.36,0,0
23-06-2025 00:00,0,0,4,0,85,42.09,26.05,0,0,0,0,0,58,42.09,75,40.89,27,10,1.2,-0.95,84,43.28,26.84666667,0,0
23-06-2025 01:00,1,0,4,0,64,12.38,27.54,0,0,0,0,0,57,27.54,85,42.09,26.05,-21,-29.71,1.49,74.66666667,31.78666667,26.86333333,0,0
23-06-2025 02:00,2,0,4,0,82,24.29,34.98,0,0,0,0,0,56,34.98,64,12.38,27.54,18,11.91,7.44,77,26.25333333,29.52333333,0,0
23-06-2025 03:00,3,0,4,0,79,19.53,36.52,0,0,0,0,0,55,36.52,82,24.29,34.98,-3,-4.76,1.54,75,18.73333333,33.01333333,0,0
23-06-2025 04:00,4,0,4,0,73,27.7,34.37,0,0,0,0,0,54,34.37,79,19.53,36.52,-6,8.17,-2.15,78,23.84,35.29,0,0
23-06-2025 05:00,5,0,4,0,70,25.21,35.15,0,0,0,0,0,53,35.15,73,27.7,34.37,-3,-2.49,0.78,74,24.14666667,35.34666667,0,0
23-06-2025 06:00,6,0,4,0,72,44.64,19.54,0,0,0,0,0,52,44.64,70,25.21,35.15,2,19.43,-15.61,71.66666667,32.51666667,29.68666667,0,0
23-06-2025 07:00,7,0,4,0,86,35.95,38.49,0,0,0,0,0,51,38.49,72,44.64,19.54,14,-8.69,18.95,76,35.26666667,31.06,0,0
23-06-2025 08:00,8,0,4,0,85,37.35,21.88,0,0,0,0,0,50,37.35,86,35.95,38.49,-1,1.4,-16.61,81,39.31333333,26.63666667,0,0
23-06-2025 09:00,9,0,4,1,85,38.96,29.4,0,0,0,0,0,49,38.96,85,37.35,21.88,0,1.61,7.52,85.33333333,37.42,29.92333333,0,0
23-06-2025 10:00,10,0,4,1,74,39.81,24.38,0,0,0,0,0,48,39.81,85,38.96,29.4,-11,0.85,-5.02,81.33333333,38.70666667,25.22,0,0
23-06-2025 11:00,11,0,4,1,83,29.65,31.99,0,0,0,0,0,49,31.99,74,39.81,24.38,9,-10.16,7.61,80.66666667,36.14,28.59,0,0
23-06-2025 12:00,12,0,4,1,86,28.38,31.77,0,0,0,0,0,48,31.77,83,29.65,31.99,3,-1.27,-0.22,81,32.61333333,29.38,0,0
23-06-2025 13:00,13,0,4,1,85,14.17,36.17,0,0,0,0,0,49,36.17,86,28.38,31.77,-1,-14.21,4.4,84.66666667,24.06666667,33.31,0,0
23-06-2025 14:00,14,0,4,1,70,36.43,18.14,0,0,0,0,0,48,36.43,85,14.17,36.17,-15,22.26,-18.03,80.33333333,26.32666667,28.69333333,0,0
23-06-2025 15:00,15,0,4,1,85,30.03,33.96,0,0,0,0,0,49,33.96,70,36.43,18.14,15,-6.4,15.82,80,26.87666667,29.42333333,0,0
23-06-2025 16:00,16,0,4,1,81,27.01,28.91,0,0,0,0,0,48,28.91,85,30.03,33.96,-4,-3.02,-5.05,78.66666667,31.15666667,27.00333333,0,0
23-06-2025 17:00,17,0,4,1,81,23.82,34.32,0,0,0,0,0,49,34.32,81,27.01,28.91,0,-3.19,5.41,82.33333333,26.95333333,32.39666667,0,0
23-06-2025 18:00,18,0,4,1,82,24.48,38.99,0,0,0,0,0,48,38.99,81,23.82,34.32,1,0.66,4.67,81.33333333,25.10333333,34.07333333,0,0
23-06-2025 19:00,19,0,4,1,92,36.85,33.8,0,0,0,0,0,48,36.85,82,24.48,38.99,10,12.37,-5.19,85,28.38333333,35.70333333,0,0
23-06-2025 20:00,20,0,4,0,70,12.19,29.5,0,0,0,0,0,49,29.5,92,36.85,33.8,-22,-24.66,-4.3,81.33333333,24.50666667,34.09666667,0,0
23-06-2025 21:00,21,0,4,0,61,14.31,21.62,0,0,0,0,0,50,21.62,70,12.19,29.5,-9,2.12,-7.88,74.33333333,21.11666667,28.30666667,0,0
23-06-2025 22:00,22,0,4,0,70,31.29,20.88,0,0,0,0,0,51,31.29,61,14.31,21.62,9,16.98,-0.74,67,19.26333333,24,0,0
23-06-2025 23:00,23,0,4,0,84,47.72,19.76,0,0,0,0,0,52,47.72,70,31.29,20.88,14,16.43,-1.12,71.66666667,31.10666667,20.75333333,0,0
24-06-2025 00:00,0,1,4,0,75,23.48,19.3,0,0,0,0,0,34,23.48,84,47.72,19.76,-9,-24.24,-0.46,76.33333333,34.16333333,19.98,0,0
24-06-2025 01:00,1,1,4,0,77,45.92,17.3,0,0,0,0,0,33,45.92,75,23.48,19.3,2,22.44,-2,78.66666667,39.04,18.78666667,0,0
24-06-2025 02:00,2,1,4,0,75,31.36,25.63,0,0,0,0,0,32,31.36,77,45.92,17.3,-2,-14.56,8.33,75.66666667,33.58666667,20.74333333,0,0
24-06-2025 03:00,3,1,4,0,78,25.71,28.6,0,0,0,0,0,31,28.6,75,31.36,25.63,3,-5.65,2.97,76.66666667,34.33,23.84333333,0,0
24-06-2025 04:00,4,1,4,0,80,16.41,34.21,0,0,0,0,0,30,34.21,78,25.71,28.6,2,-9.3,5.61,77.66666667,24.49333333,29.48,0,0
24-06-2025 05:00,5,1,4,0,95,24.42,50.39,0,0,0,0,0,29,50.39,80,16.41,34.21,15,8.01,16.18,84.33333333,22.18,37.73333333,0,0
24-06-2025 06:00,6,1,4,0,90,39.19,43.14,0,0,0,0,0,28,43.14,95,24.42,50.39,-5,14.77,-7.25,88.33333333,26.67333333,42.58,0,0
24-06-2025 07:00,7,1,4,0,72,12.36,9.73,0,0,0,0,0,27,12.36,90,39.19,43.14,-18,-26.83,-33.41,85.66666667,25.32333333,34.42,0,0
24-06-2025 08:00,8,1,4,0,81,33.14,18.49,0,0,0,0,0,26,33.14,72,12.36,9.73,9,20.78,8.76,81,28.23,23.78666667,0,0
24-06-2025 09:00,9,1,4,1,82,28.76,35.18,0,0,0,0,0,25,35.18,81,33.14,18.49,1,-4.38,16.69,78.33333333,24.75333333,21.13333333,0,0
24-06-2025 10:00,10,1,4,1,82,41.63,23.38,0,0,0,0,0,24,41.63,82,28.76,35.18,0,12.87,-11.8,81.66666667,34.51,25.68333333,0,0
24-06-2025 11:00,11,1,4,1,86,46.12,23.53,0,0,0,0,0,25,46.12,82,41.63,23.38,4,4.49,0.15,83.33333333,38.83666667,27.36333333,0,0
24-06-2025 12:00,12,1,4,1,67,22.73,15.84,0,0,0,0,0,24,22.73,86,46.12,23.53,-19,-23.39,-7.69,78.33333333,36.82666667,20.91666667,0,0
24-06-2025 13:00,13,1,4,1,83,32.63,12.79,0,0,0,0,0,25,32.63,67,22.73,15.84,16,9.9,-3.05,78.66666667,33.82666667,17.38666667,0,0
24-06-2025 14:00,14,1,4,1,74,28.61,20.65,0,0,0,0,0,24,28.61,83,32.63,12.79,-9,-4.02,7.86,74.66666667,27.99,16.42666667,0,0
24-06-2025 15:00,15,1,4,1,91,27.84,27.86,0,0,0,0,0,25,27.86,74,28.61,20.65,17,-0.77,7.21,82.66666667,29.69333333,20.43333333,0,0
24-06-2025 16:00,16,1,4,1,75,27.76,26.01,0,0,0,0,0,24,27.76,91,27.84,27.86,-16,-0.08,-1.85,80,28.07,24.84,0,0
24-06-2025 17:00,17,1,4,1,84,51,50.02,0,0,0,0,0,25,51,75,27.76,26.01,9,23.24,24.01,83.33333333,35.53333333,34.63,0,0
24-06-2025 18:00,18,1,4,1,72,19.65,15.17,0,0,0,0,0,24,19.65,84,51,50.02,-12,-31.35,-34.85,77,32.80333333,30.4,0,0
24-06-2025 19:00,19,1,4,1,79,27.93,31.87,0,0,0,0,0,24,31.87,72,19.65,15.17,7,8.28,16.7,78.33333333,32.86,32.35333333,0,0
24-06-2025 20:00,20,1,4,0,77,25.51,25.48,0,0,0,0,0,25,25.51,79,27.93,31.87,-2,-2.42,-6.39,76,24.36333333,24.17333333,0,0
24-06-2025 21:00,21,1,4,0,74,36.42,25.75,0,0,0,0,0,26,36.42,77,25.51,25.48,-3,10.91,0.27,76.66666667,29.95333333,27.7,0,0
24-06-2025 22:00,22,1,4,0,82,51.02,21.99,0,0,0,0,0,27,51.02,74,36.42,25.75,8,14.6,-3.76,77.66666667,37.65,24.40666667,0,0
24-06-2025 23:00,23,1,4,0,87,32.05,26.44,0,0,0,0,0,28,32.05,82,51.02,21.99,5,-18.97,4.45,81,39.83,24.72666667,0,0
25-06-2025 00:00,0,2,4,0,87,38.65,28.25,0,0,0,0,0,10,38.65,87,32.05,26.44,0,6.6,1.81,85.33333333,40.57333333,25.56,0,0
25-06-2025 01:00,1,2,4,0,80,45.09,34,0,0,0,0,0,9,45.09,87,38.65,28.25,-7,6.44,5.75,84.66666667,38.59666667,29.56333333,0,0
25-06-2025 02:00,2,2,4,0,78,39.38,26.74,0,0,0,0,0,8,39.38,80,45.09,34,-2,-5.71,-7.26,81.66666667,41.04,29.66333333,0,0
25-06-2025 03:00,3,2,4,0,70,30.38,23.86,0,0,0,0,0,7,30.38,78,39.38,26.74,-8,-9,-2.88,76,38.28333333,28.2,0,0
25-06-2025 04:00,4,2,4,0,80,31.54,21.53,0,0,0,0,0,6,31.54,70,30.38,23.86,10,1.16,-2.33,76,33.76666667,24.04333333,0,0
25-06-2025 05:00,5,2,4,0,81,16.57,28.82,0,0,0,0,0,5,28.82,80,31.54,21.53,1,-14.97,7.29,77,26.16333333,24.73666667,0,0
25-06-2025 06:00,6,2,4,0,73,26.05,21.58,0,0,0,0,0,4,26.05,81,16.57,28.82,-8,9.48,-7.24,78,24.72,23.97666667,0,0
25-06-2025 07:00,7,2,4,0,72,38.25,14.05,0,0,0,0,0,3,38.25,73,26.05,21.58,-1,12.2,-7.53,75.33333333,26.95666667,21.48333333,0,0
25-06-2025 08:00,8,2,4,0,75,35.94,30.54,0,0,0,0,0,2,35.94,72,38.25,14.05,3,-2.31,16.49,73.33333333,33.41333333,22.05666667,0,0
25-06-2025 09:00,9,2,4,1,84,26.65,25.44,0,0,0,0,0,1,26.65,75,35.94,30.54,9,-9.29,-5.1,77,33.61333333,23.34333333,0,0
25-06-2025 10:00,10,2,4,1,184,82.04,64.34,1,1,0,0,0.9,0,82.04,84,26.65,25.44,100,55.39,38.9,114.3333333,48.21,40.10666667,0,0
25-06-2025 11:00,11,2,4,1,201,73.14,72.82,1,1,0,0,0.9,1,73.14,184,82.04,64.34,17,-8.9,8.48,156.3333333,60.61,54.2,0,1
25-06-2025 12:00,12,2,4,1,268,100,89.15,1,1,0,0,0.9,0,100,201,73.14,72.82,67,26.86,16.33,217.6666667,85.06,75.43666667,1,0
25-06-2025 13:00,13,2,4,1,81,39.79,38.42,0,0,0,0,0,1,39.79,268,100,89.15,-187,-60.21,-50.73,183.3333333,70.97666667,66.79666667,0,1
25-06-2025 14:00,14,2,4,1,207,87.32,73.28,1,0,0,1,0.7,0,87.32,81,39.79,38.42,126,47.53,34.86,185.3333333,75.70333333,66.95,1,0
25-06-2025 15:00,15,2,4,1,169,57.18,55.47,1,0,0,1,0.7,1,57.18,207,87.32,73.28,-38,-30.14,-17.81,152.3333333,61.43,55.72333333,0,1
25-06-2025 16:00,16,2,4,1,265,100,82.01,1,0,0,1,0.7,0,100,169,57.18,55.47,96,42.82,26.54,213.6666667,81.5,70.25333333,1,0
25-06-2025 17:00,17,2,4,1,80,28.81,32.94,0,0,0,0,0,1,32.94,265,100,82.01,-185,-71.19,-49.07,171.3333333,61.99666667,56.80666667,0,1
25-06-2025 18:00,18,2,4,1,250,89.92,82.01,1,0,1,0,0.8,0,89.92,80,28.81,32.94,170,61.11,49.07,198.3333333,72.91,65.65333333,1,0
25-06-2025 19:00,19,2,4,1,214,77.63,71.61,1,0,1,0,0.8,0,77.63,250,89.92,82.01,-36,-12.29,-10.4,181.3333333,65.45333333,62.18666667,0,0
25-06-2025 20:00,20,2,4,0,79,46.68,31.08,0,0,0,0,0,1,46.68,214,77.63,71.61,-135,-30.95,-40.53,181,71.41,61.56666667,0,0
25-06-2025 21:00,21,2,4,0,83,26.44,28.7,0,0,0,0,0,2,28.7,79,46.68,31.08,4,-20.24,-2.38,125.3333333,50.25,43.79666667,0,0
25-06-2025 22:00,22,2,4,0,80,34.89,16.27,0,0,0,0,0,3,34.89,83,26.44,28.7,-3,8.45,-12.43,80.66666667,36.00333333,25.35,0,0
25-06-2025 23:00,23,2,4,0,84,37.41,30.94,0,0,0,0,0,4,37.41,80,34.89,16.27,4,2.52,14.67,82.33333333,32.91333333,25.30333333,0,0
26-06-2025 00:00,0,3,4,0,73,47.91,35.42,0,0,0,0,0,106,47.91,84,37.41,30.94,-11,10.5,4.48,79,40.07,27.54333333,0,0
26-06-2025 01:00,1,3,4,0,80,30.2,19.3,0,0,0,0,0,105,30.2,73,47.91,35.42,7,-17.71,-16.12,79,38.50666667,28.55333333,0,0
26-06-2025 02:00,2,3,4,0,69,22.33,12.54,0,0,0,0,0,104,22.33,80,30.2,19.3,-11,-7.87,-6.76,74,33.48,22.42,0,0
26-06-2025 03:00,3,3,4,0,84,53.15,29.45,0,0,0,0,0,103,53.15,69,22.33,12.54,15,30.82,16.91,77.66666667,35.22666667,20.43,0,0
26-06-2025 04:00,4,3,4,0,86,35.67,24.46,0,0,0,0,0,102,35.67,84,53.15,29.45,2,-17.48,-4.99,79.66666667,37.05,22.15,0,0
26-06-2025 05:00,5,3,4,0,69,14.28,32.32,0,0,0,0,0,101,32.32,86,35.67,24.46,-17,-21.39,7.86,79.66666667,34.36666667,28.74333333,0,0
26-06-2025 06:00,6,3,4,0,91,31.06,38.3,0,0,0,0,0,100,38.3,69,14.28,32.32,22,16.78,5.98,82,27.00333333,31.69333333,0,0
26-06-2025 07:00,7,3,4,0,73,22.33,37.31,0,0,0,0,0,99,37.31,91,31.06,38.3,-18,-8.73,-0.99,77.66666667,22.55666667,35.97666667,0,0
26-06-2025 08:00,8,3,4,0,77,27.84,12.63,0,0,0,0,0,98,27.84,73,22.33,37.31,4,5.51,-24.68,80.33333333,27.07666667,29.41333333,0,0
26-06-2025 09:00,9,3,4,1,82,21.6,33.67,0,0,0,0,0,97,33.67,77,27.84,12.63,5,-6.24,21.04,77.33333333,23.92333333,27.87,0,0
26-06-2025 10:00,10,3,4,1,70,29.98,26.09,0,0,0,0,0,96,29.98,82,21.6,33.67,-12,8.38,-7.58,76.33333333,26.47333333,24.13,0,0
26-06-2025 11:00,11,3,4,1,84,46.98,46.92,0,0,0,0,0,97,46.98,70,29.98,26.09,14,17,20.83,78.66666667,32.85333333,35.56,0,0
26-06-2025 12:00,12,3,4,1,80,38.21,44.98,0,0,0,0,0,96,44.98,84,46.98,46.92,-4,-8.77,-1.94,78,38.39,39.33,0,0
26-06-2025 13:00,13,3,4,1,100,50.74,30.41,0,0,0,0,0,97,50.74,80,38.21,44.98,20,12.53,-14.57,88,45.31,40.77,0,0
26-06-2025 14:00,14,3,4,1,76,49.32,30.91,0,0,0,0,0,96,49.32,100,50.74,30.41,-24,-1.42,0.5,85.33333333,46.09,35.43333333,0,0
26-06-2025 15:00,15,3,4,1,69,14.18,26.32,0,0,0,0,0,97,26.32,76,49.32,30.91,-7,-35.14,-4.59,81.66666667,38.08,29.21333333,0,0
26-06-2025 16:00,16,3,4,1,71,36.11,25.61,0,0,0,0,0,96,36.11,69,14.18,26.32,2,21.93,-0.71,72,33.20333333,27.61333333,0,0
26-06-2025 17:00,17,3,4,1,91,62.4,48.55,0,0,0,0,0,97,62.4,71,36.11,25.61,20,26.29,22.94,77,37.56333333,33.49333333,0,0
26-06-2025 18:00,18,3,4,1,77,24.49,37.33,0,0,0,0,0,96,37.33,91,62.4,48.55,-14,-37.91,-11.22,79.66666667,41,37.16333333,0,0
26-06-2025 19:00,19,3,4,1,81,37.88,33.04,0,0,0,0,0,96,37.88,77,24.49,37.33,4,13.39,-4.29,83,41.59,39.64,0,0
26-06-2025 20:00,20,3,4,0,83,34.87,33.1,0,0,0,0,0,97,34.87,81,37.88,33.04,2,-3.01,0.06,80.33333333,32.41333333,34.49,0,0
26-06-2025 21:00,21,3,4,0,80,32.12,21.92,0,0,0,0,0,98,32.12,83,34.87,33.1,-3,-2.75,-11.18,81.33333333,34.95666667,29.35333333,0,0
26-06-2025 22:00,22,3,4,0,89,56.4,24.56,0,0,0,0,0,99,56.4,80,32.12,21.92,9,24.28,2.64,84,41.13,26.52666667,0,0
26-06-2025 23:00,23,3,4,0,80,12.34,29.35,0,0,0,0,0,100,29.35,89,56.4,24.56,-9,-44.06,4.79,83,33.62,25.27666667,0,0
27-06-2025 00:00,0,4,4,0,91,23.07,26.22,0,0,0,0,0,82,26.22,80,12.34,29.35,11,10.73,-3.13,86.66666667,30.60333333,26.71,0,0
27-06-2025 01:00,1,4,4,0,77,20.02,20.56,0,0,0,0,0,81,20.56,91,23.07,26.22,-14,-3.05,-5.66,82.66666667,18.47666667,25.37666667,0,0
27-06-2025 02:00,2,4,4,0,100,43.2,33.22,0,0,0,0,0,80,43.2,77,20.02,20.56,23,23.18,12.66,89.33333333,28.76333333,26.66666667,0,0
27-06-2025 03:00,3,4,4,0,92,40.19,31.6,0,0,0,0,0,79,40.19,100,43.2,33.22,-8,-3.01,-1.62,89.66666667,34.47,28.46,0,0
27-06-2025 04:00,4,4,4,0,76,18.16,27.7,0,0,0,0,0,78,27.7,92,40.19,31.6,-16,-22.03,-3.9,89.33333333,33.85,30.84,0,0
27-06-2025 05:00,5,4,4,0,80,28.85,26.97,0,0,0,0,0,77,28.85,76,18.16,27.7,4,10.69,-0.73,82.66666667,29.06666667,28.75666667,0,0
27-06-2025 06:00,6,4,4,0,74,31.23,27.47,0,0,0,0,0,76,31.23,80,28.85,26.97,-6,2.38,0.5,76.66666667,26.08,27.38,0,0
27-06-2025 07:00,7,4,4,0,83,14.42,33.88,0,0,0,0,0,75,33.88,74,31.23,27.47,9,-16.81,6.41,79,24.83333333,29.44,0,0
27-06-2025 08:00,8,4,4,0,88,43.97,29.62,0,0,0,0,0,74,43.97,83,14.42,33.88,5,29.55,-4.26,81.66666667,29.87333333,30.32333333,0,0
27-06-2025 09:00,9,4,4,1,79,46.02,21.11,0,0,0,0,0,73,46.02,88,43.97,29.62,-9,2.05,-8.51,83.33333333,34.80333333,28.20333333,0,0
27-06-2025 10:00,10,4,4,1,82,34.5,29.14,0,0,0,0,0,72,34.5,79,46.02,21.11,3,-11.52,8.03,83,41.49666667,26.62333333,0,0
27-06-2025 11:00,11,4,4,1,90,42.06,29.52,0,0,0,0,0,73,42.06,82,34.5,29.14,8,7.56,0.38,83.66666667,40.86,26.59,0,0
27-06-2025 12:00,12,4,4,1,68,23.75,23.9,0,0,0,0,0,72,23.9,90,42.06,29.52,-22,-18.31,-5.62,80,33.43666667,27.52,0,0
27-06-2025 13:00,13,4,4,1,73,39.67,34.36,0,0,0,0,0,73,39.67,68,23.75,23.9,5,15.92,10.46,77,35.16,29.26,0,0
27-06-2025 14:00,14,4,4,1,89,33.02,29.37,0,0,0,0,0,72,33.02,73,39.67,34.36,16,-6.65,-4.99,76.66666667,32.14666667,29.21,0,0
27-06-2025 15:00,15,4,4,1,65,18.8,10.91,0,0,0,0,0,73,18.8,89,33.02,29.37,-24,-14.22,-18.46,75.66666667,30.49666667,24.88,0,0
27-06-2025 16:00,16,4,4,1,89,31.19,17.66,0,0,0,0,0,72,31.19,65,18.8,10.91,24,12.39,6.75,81,27.67,19.31333333,0,0
27-06-2025 17:00,17,4,4,1,59,20.37,22.99,0,0,0,0,0,73,22.99,89,31.19,17.66,-30,-10.82,5.33,71,23.45333333,17.18666667,0,0
27-06-2025 18:00,18,4,4,1,75,23.65,23.61,0,0,0,0,0,72,23.65,59,20.37,22.99,16,3.28,0.62,74.33333333,25.07,21.42,0,0
27-06-2025 19:00,19,4,4,1,85,36.56,37.38,0,0,0,0,0,72,37.38,75,23.65,23.61,10,12.91,13.77,73,26.86,27.99333333,0,0
27-06-2025 20:00,20,4,4,0,88,50,45.1,0,0,0,0,0,73,50,85,36.56,37.38,3,13.44,7.72,82.66666667,36.73666667,35.36333333,0,0
27-06-2025 21:00,21,4,4,0,73,15.44,18.53,0,0,0,0,0,74,18.53,88,50,45.1,-15,-34.56,-26.57,82,34,33.67,0,0
27-06-2025 22:00,22,4,4,0,70,19.58,35.68,0,0,0,0,0,75,35.68,73,15.44,18.53,-3,4.14,17.15,77,28.34,33.10333333,0,0
27-06-2025 23:00,23,4,4,0,76,13.73,17.4,0,0,0,0,0,76,17.4,70,19.58,35.68,6,-5.85,-18.28,73,16.25,23.87,0,0
28-06-2025 00:00,0,5,4,0,84,30.35,32.43,0,0,0,0,0,58,32.43,76,13.73,17.4,8,16.62,15.03,76.66666667,21.22,28.50333333,0,0
28-06-2025 01:00,1,5,4,0,101,18.08,25.44,0,0,0,0,0,57,25.44,84,30.35,32.43,17,-12.27,-6.99,87,20.72,25.09,0,0
28-06-2025 02:00,2,5,4,0,69,31.64,27.43,0,0,0,0,0,56,31.64,101,18.08,25.44,-32,13.56,1.99,84.66666667,26.69,28.43333333,0,0
28-06-2025 03:00,3,5,4,0,75,25.06,31.85,0,0,0,0,0,55,31.85,69,31.64,27.43,6,-6.58,4.42,81.66666667,24.92666667,28.24,0,0
28-06-2025 04:00,4,5,4,0,88,26.94,22.55,0,0,0,0,0,54,26.94,75,25.06,31.85,13,1.88,-9.3,77.33333333,27.88,27.27666667,0,0
28-06-2025 05:00,5,5,4,0,86,48.16,33.91,0,0,0,0,0,53,48.16,88,26.94,22.55,-2,21.22,11.36,83,33.38666667,29.43666667,0,0
28-06-2025 06:00,6,5,4,0,94,48.23,29.95,0,0,0,0,0,52,48.23,86,48.16,33.91,8,0.07,-3.96,89.33333333,41.11,28.80333333,0,0
28-06-2025 07:00,7,5,4,0,77,50.47,35.08,0,0,0,0,0,51,50.47,94,48.23,29.95,-17,2.24,5.13,85.66666667,48.95333333,32.98,0,0
28-06-2025 08:00,8,5,4,0,91,28.41,33.06,0,0,0,0,0,50,33.06,77,50.47,35.08,14,-22.06,-2.02,87.33333333,42.37,32.69666667,0,0
28-06-2025 09:00,9,5,4,1,80,39.92,13.21,0,0,0,0,0,49,39.92,91,28.41,33.06,-11,11.51,-19.85,82.66666667,39.6,27.11666667,0,0
28-06-2025 10:00,10,5,4,1,71,28.34,32.39,0,0,0,0,0,48,32.39,80,39.92,13.21,-9,-11.58,19.18,80.66666667,32.22333333,26.22,0,0
28-06-2025 11:00,11,5,4,1,83,23.66,28.74,0,0,0,0,0,49,28.74,71,28.34,32.39,12,-4.68,-3.65,78,30.64,24.78,0,0
28-06-2025 12:00,12,5,4,1,66,48.6,24.26,0,0,0,0,0,48,48.6,83,23.66,28.74,-17,24.94,-4.48,73.33333333,33.53333333,28.46333333,0,0
28-06-2025 13:00,13,5,4,1,86,55.36,40.75,0,0,0,0,0,49,55.36,66,48.6,24.26,20,6.76,16.49,78.33333333,42.54,31.25,0,0
28-06-2025 14:00,14,5,4,1,75,29.43,19.18,0,0,0,0,0,48,29.43,86,55.36,40.75,-11,-25.93,-21.57,75.66666667,44.46333333,28.06333333,0,0
28-06-2025 15:00,15,5,4,1,93,27.59,20.28,0,0,0,0,0,49,27.59,75,29.43,19.18,18,-1.84,1.1,84.66666667,37.46,26.73666667,0,0
28-06-2025 16:00,16,5,4,1,86,30.87,35.65,0,0,0,0,0,48,35.65,93,27.59,20.28,-7,3.28,15.37,84.66666667,29.29666667,25.03666667,0,0
28-06-2025 17:00,17,5,4,1,93,27.18,25.12,0,0,0,0,0,49,27.18,86,30.87,35.65,7,-3.69,-10.53,90.66666667,28.54666667,27.01666667,0,0
28-06-2025 18:00,18,5,4,1,71,30.15,23.25,0,0,0,0,0,48,30.15,93,27.18,25.12,-22,2.97,-1.87,83.33333333,29.4,28.00666667,0,0
28-06-2025 19:00,19,5,4,1,73,11.73,15.14,0,0,0,0,0,48,15.14,71,30.15,23.25,2,-18.42,-8.11,79,23.02,21.17,0,0
28-06-2025 20:00,20,5,4,0,82,24.35,23.78,0,0,0,0,0,49,24.35,73,11.73,15.14,9,12.62,8.64,75.33333333,22.07666667,20.72333333,0,0
28-06-2025 21:00,21,5,4,0,84,38.68,42.27,0,0,0,0,0,50,42.27,82,24.35,23.78,2,14.33,18.49,79.66666667,24.92,27.06333333,0,0
28-06-2025 22:00,22,5,4,0,91,38.47,28.91,0,0,0,0,0,51,38.47,84,38.68,42.27,7,-0.21,-13.36,85.66666667,33.83333333,31.65333333,0,0
28-06-2025 23:00,23,5,4,0,75,40.25,32.68,0,0,0,0,0,52,40.25,91,38.47,28.91,-16,1.78,3.77,83.33333333,39.13333333,34.62,0,0
29-06-2025 00:00,0,6,5,0,89,22.61,36.24,0,0,0,0,0,34,36.24,75,40.25,32.68,14,-17.64,3.56,85,33.77666667,32.61,0,0
29-06-2025 01:00,1,6,5,0,83,18.95,33.41,0,0,0,0,0,33,33.41,89,22.61,36.24,-6,-3.66,-2.83,82.33333333,27.27,34.11,0,0
29-06-2025 02:00,2,6,5,0,78,15.66,34.52,0,0,0,0,0,32,34.52,83,18.95,33.41,-5,-3.29,1.11,83.33333333,19.07333333,34.72333333,0,0
29-06-2025 03:00,3,6,5,0,92,11.46,27.39,0,0,0,0,0,31,27.39,78,15.66,34.52,14,-4.2,-7.13,84.33333333,15.35666667,31.77333333,0,0
29-06-2025 04:00,4,6,5,0,78,25.82,19.64,0,0,0,0,0,30,25.82,92,11.46,27.39,-14,14.36,-7.75,82.66666667,17.64666667,27.18333333,0,0
29-06-2025 05:00,5,6,5,0,67,36.72,21.28,0,0,0,0,0,29,36.72,78,25.82,19.64,-11,10.9,1.64,79,24.66666667,22.77,0,0
29-06-2025 06:00,6,6,5,0,80,45.07,30.59,0,0,0,0,0,28,45.07,67,36.72,21.28,13,8.35,9.31,75,35.87,23.83666667,0,0
29-06-2025 07:00,7,6,5,0,63,28.38,17.49,0,0,0,0,0,27,28.38,80,45.07,30.59,-17,-16.69,-13.1,70,36.72333333,23.12,0,0
29-06-2025 08:00,8,6,5,0,84,18.94,41.97,0,0,0,0,0,26,41.97,63,28.38,17.49,21,-9.44,24.48,75.66666667,30.79666667,30.01666667,0,0
29-06-2025 09:00,9,6,5,1,71,30.33,23.65,0,0,0,0,0,25,30.33,84,18.94,41.97,-13,11.39,-18.32,72.66666667,25.88333333,27.70333333,0,0
29-06-2025 10:00,10,6,5,1,73,31.22,22.88,0,0,0,0,0,24,31.22,71,30.33,23.65,2,0.89,-0.77,76,26.83,29.5,0,0
29-06-2025 11:00,11,6,5,1,72,42.96,28.15,0,0,0,0,0,25,42.96,73,31.22,22.88,-1,11.74,5.27,72,34.83666667,24.89333333,0,0
29-06-2025 12:00,12,6,5,1,66,30.43,29.99,0,0,0,0,0,24,30.43,72,42.96,28.15,-6,-12.53,1.84,70.33333333,34.87,27.00666667,0,0
29-06-2025 13:00,13,6,5,1,80,30.29,26.44,0,0,0,0,0,25,30.29,66,30.43,29.99,14,-0.14,-3.55,72.66666667,34.56,28.19333333,0,0
29-06-2025 14:00,14,6,5,1,69,26.15,15.28,0,0,0,0,0,24,26.15,80,30.29,26.44,-11,-4.14,-11.16,71.66666667,28.95666667,23.90333333,0,0
29-06-2025 15:00,15,6,5,1,79,41.32,15.66,0,0,0,0,0,25,41.32,69,26.15,15.28,10,15.17,0.38,76,32.58666667,19.12666667,0,0
29-06-2025 16:00,16,6,5,1,92,22.16,28.58,0,0,0,0,0,24,28.58,79,41.32,15.66,13,-19.16,12.92,80,29.87666667,19.84,0,0
29-06-2025 17:00,17,6,5,1,86,34.6,30.51,0,0,0,0,0,25,34.6,92,22.16,28.58,-6,12.44,1.93,85.66666667,32.69333333,24.91666667,0,0
29-06-2025 18:00,18,6,5,1,75,34.98,27.83,0,0,0,0,0,24,34.98,86,34.6,30.51,-11,0.38,-2.68,84.33333333,30.58,28.97333333,0,0
29-06-2025 19:00,19,6,5,1,79,31.09,39.26,0,0,0,0,0,24,39.26,75,34.98,27.83,4,-3.89,11.43,80,33.55666667,32.53333333,0,0
29-06-2025 20:00,20,6,5,0,88,32.74,20.99,0,0,0,0,0,25,32.74,79,31.09,39.26,9,1.65,-18.27,80.66666667,32.93666667,29.36,0,0
29-06-2025 21:00,21,6,5,0,72,34.41,33.93,0,0,0,0,0,26,34.41,88,32.74,20.99,-16,1.67,12.94,79.66666667,32.74666667,31.39333333,0,0
29-06-2025 22:00,22,6,5,0,70,36.34,44.34,0,0,0,0,0,27,44.34,72,34.41,33.93,-2,1.93,10.41,76.66666667,34.49666667,33.08666667,0,0
29-06-2025 23:00,23,6,5,0,62,39.59,24.16,0,0,0,0,0,28,39.59,70,36.34,44.34,-8,3.25,-20.18,68,36.78,34.14333333,0,0
30-06-2025 00:00,0,0,5,0,74,35.15,22.05,0,0,0,0,0,10,35.15,62,39.59,24.16,12,-4.44,-2.11,68.66666667,37.02666667,30.18333333,0,0
30-06-2025 01:00,1,0,5,0,86,32.83,24.24,0,0,0,0,0,9,32.83,74,35.15,22.05,12,-2.32,2.19,74,35.85666667,23.48333333,0,0
30-06-2025 02:00,2,0,5,0,68,35.28,13.36,0,0,0,0,0,8,35.28,86,32.83,24.24,-18,2.45,-10.88,76,34.42,19.88333333,0,0
30-06-2025 03:00,3,0,5,0,77,23.08,28.11,0,0,0,0,0,7,28.11,68,35.28,13.36,9,-12.2,14.75,77,30.39666667,21.90333333,0,0
30-06-2025 04:00,4,0,5,0,69,35.97,23.08,0,0,0,0,0,6,35.97,77,23.08,28.11,-8,12.89,-5.03,71.33333333,31.44333333,21.51666667,0,0
30-06-2025 05:00,5,0,5,0,71,27.41,21.19,0,0,0,0,0,5,27.41,69,35.97,23.08,2,-8.56,-1.89,72.33333333,28.82,24.12666667,0,0
30-06-2025 06:00,6,0,5,0,73,13.22,28.87,0,0,0,0,0,4,28.87,71,27.41,21.19,2,-14.19,7.68,71,25.53333333,24.38,0,0
30-06-2025 07:00,7,0,5,0,79,49.09,17.84,0,0,0,0,0,3,49.09,73,13.22,28.87,6,35.87,-11.03,74.33333333,29.90666667,22.63333333,0,0
30-06-2025 08:00,8,0,5,0,104,36.04,40.85,0,0,0,0,0,2,40.85,79,49.09,17.84,25,-13.05,23.01,85.33333333,32.78333333,29.18666667,0,0
30-06-2025 09:00,9,0,5,1,74,18.68,14.15,0,0,0,0,0,1,18.68,104,36.04,40.85,-30,-17.36,-26.7,85.66666667,34.60333333,24.28,0,1
30-06-2025 10:00,10,0,5,1,258,91.39,98.16,1,1,0,0,0.9,0,98.16,74,18.68,14.15,184,72.71,84.01,145.3333333,48.70333333,51.05333333,1,0
30-06-2025 11:00,11,0,5,1,222,80.96,71.23,1,1,0,0,0.9,1,80.96,258,91.39,98.16,-36,-10.43,-26.93,184.6666667,63.67666667,61.18,0,1
30-06-2025 12:00,12,0,5,1,264,100,86.88,1,1,0,0,0.9,0,100,222,80.96,71.23,42,19.04,15.65,248,90.78333333,85.42333333,1,0
30-06-2025 13:00,13,0,5,1,85,35.17,15.33,0,0,0,0,0,1,35.17,264,100,86.88,-179,-64.83,-71.55,190.3333333,72.04333333,57.81333333,0,1
30-06-2025 14:00,14,0,5,1,226,90.26,59.22,1,0,0,1,0.7,0,90.26,85,35.17,15.33,141,55.09,43.89,191.6666667,75.14333333,53.81,1,0
30-06-2025 15:00,15,0,5,1,215,76.4,78.38,1,0,0,1,0.7,1,78.38,226,90.26,59.22,-11,-13.86,19.16,175.3333333,67.27666667,50.97666667,0,1
30-06-2025 16:00,16,0,5,1,267,100,100,1,0,0,1,0.7,0,100,215,76.4,78.38,52,23.6,21.62,236,88.88666667,79.2,1,0
30-06-2025 17:00,17,0,5,1,88,32.66,25.9,0,0,0,0,0,1,32.66,267,100,100,-179,-67.34,-74.1,190,69.68666667,68.09333333,0,1
30-06-2025 18:00,18,0,5,1,217,95.13,69.49,1,0,1,0,0.8,0,95.13,88,32.66,25.9,129,62.47,43.59,190.6666667,75.93,65.13,1,1
30-06-2025 19:00,19,0,5,1,228,87.44,83.36,1,0,1,0,0.8,0,87.44,217,95.13,69.49,11,-7.69,13.87,177.6666667,71.74333333,59.58333333,1,0
30-06-2025 20:00,20,0,5,0,73,32.12,29.32,0,0,0,0,0,1,32.12,228,87.44,83.36,-155,-55.32,-54.04,172.6666667,71.56333333,60.72333333,0,0
30-06-2025 21:00,21,0,5,0,89,47.19,28,0,0,0,0,0,2,47.19,73,32.12,29.32,16,15.07,-1.32,130,55.58333333,46.89333333,0,0
30-06-2025 22:00,22,0,5,0,80,41.2,24.09,0,0,0,0,0,3,41.2,89,47.19,28,-9,-5.99,-3.91,80.66666667,40.17,27.13666667,0,0
30-06-2025 23:00,23,0,5,0,85,35.46,30.34,0,0,0,0,0,4,35.46,80,41.2,24.09,5,-5.74,6.25,84.66666667,41.28333333,27.47666667,0,0
